مــــ,الجامعة,اسم الجامعة,نوع البند,تصنيف البند,العام الدراسي,قيمة البند,العملة
1,القلمون,جامعة القلمون الخاصة,مصروفات,مصروفات رأسمالية,العام الدراسي 23 - 24,136٬580٫05,SYP
2,القلمون,جامعة القلمون الخاصة,مصروفات,مصروفات رأسمالية,العام الدراسي 24 - 25,165٬936٫77,SYP
3,القلمون,جامعة القلمون الخاصة,مصروفات,مصروفات رأسمالية,العام الدراسي 25 - 26,55٬765٫00,SYP
4,القلمون,جامعة القلمون الخاصة,مصروفات,رواتب وأجور,العام الدراسي 23 - 24,107٬689٬088٫00,SYP
5,القلمون,جامعة القلمون الخاصة,مصروفات,رواتب وأجور,العام الدراسي 24 - 25,192٬213٬252٫00,SYP
6,القلمون,جامعة القلمون الخاصة,مصروفات,رواتب وأجور,العام الدراسي 25 - 26,"250,427,245",SYP
7,القلمون,جامعة القلمون الخاصة,مصروفات,مصروفات تشغيلية,العام الدراسي 23 - 24,131٬980٬484٫00,SYP
8,القلمون,جامعة القلمون الخاصة,مصروفات,مصروفات تشغيلية,العام الدراسي 24 - 25,"148,272,336",SYP
9,القلمون,جامعة القلمون الخاصة,مصروفات,مصروفات تشغيلية,العام الدراسي 25 - 26,"107,056,603",SYP
10,القلمون,جامعة القلمون الخاصة,مصروفات,ضرائب,العام الدراسي 23 - 24,"7,549,209",SYP
11,القلمون,جامعة القلمون الخاصة,مصروفات,ضرائب,العام الدراسي 24 - 25,"10,457,490",SYP
12,القلمون,جامعة القلمون الخاصة,مصروفات,ضرائب,العام الدراسي 25 - 26,"12,205,215",SYP
13,القلمون,جامعة القلمون الخاصة,مصروفات,مصروفات رأسمالية,العام الدراسي 23 - 24,0٫00,USD
14,القلمون,جامعة القلمون الخاصة,مصروفات,مصروفات رأسمالية,العام الدراسي 24 - 25,0٫00,USD
15,القلمون,جامعة القلمون الخاصة,مصروفات,مصروفات رأسمالية,العام الدراسي 25 - 26,141٬360٫00,USD
16,القلمون,جامعة القلمون الخاصة,مصروفات,رواتب وأجور,العام الدراسي 23 - 24,91٬350٫00,USD
17,القلمون,جامعة القلمون الخاصة,مصروفات,رواتب وأجور,العام الدراسي 24 - 25,81٬875٫00,USD
18,القلمون,جامعة القلمون الخاصة,مصروفات,رواتب وأجور,العام الدراسي 25 - 26,98٬016٫00,USD
19,القلمون,جامعة القلمون الخاصة,مصروفات,مصروفات تشغيلية,العام الدراسي 23 - 24,8٬438٫00,USD
20,القلمون,جامعة القلمون الخاصة,مصروفات,مصروفات تشغيلية,العام الدراسي 24 - 25,152٬954٫00,USD
21,القلمون,جامعة القلمون الخاصة,مصروفات,مصروفات تشغيلية,العام الدراسي 25 - 26,556٬463٫00,USD
22,القلمون,جامعة القلمون الخاصة,مصروفات,ضرائب,العام الدراسي 23 - 24,6٬570٫00,USD
23,القلمون,جامعة القلمون الخاصة,مصروفات,ضرائب,العام الدراسي 24 - 25,6٬339٫00,USD
24,القلمون,جامعة القلمون الخاصة,مصروفات,ضرائب,العام الدراسي 25 - 26,5٬829٫00,USD
25,القلمون,جامعة القلمون الخاصة,إيرادات,الأقساط,العام الدراسي 23 - 24,224٬082٬945٫00,SYP
26,القلمون,جامعة القلمون الخاصة,إيرادات,الأقساط,العام الدراسي 24 - 25,343٬896٬218٫60,SYP
27,القلمون,جامعة القلمون الخاصة,إيرادات,الأقساط,العام الدراسي 25 - 26,321٬512٬735٫00,SYP
28,القلمون,جامعة القلمون الخاصة,إيرادات,الكافيهات والأكشاك,العام الدراسي 23 - 24,0٫00,SYP
29,القلمون,جامعة القلمون الخاصة,إيرادات,الكافيهات والأكشاك,العام الدراسي 24 - 25,0٫00,SYP
30,القلمون,جامعة القلمون الخاصة,إيرادات,الكافيهات والأكشاك,العام الدراسي 25 - 26,0٫00,SYP
31,القلمون,جامعة القلمون الخاصة,إيرادات,النقل,العام الدراسي 23 - 24,0٫00,SYP
32,القلمون,جامعة القلمون الخاصة,إيرادات,النقل,العام الدراسي 24 - 25,0٫00,SYP
33,القلمون,جامعة القلمون الخاصة,إيرادات,النقل,العام الدراسي 25 - 26,0٫00,SYP
34,القلمون,جامعة القلمون الخاصة,إيرادات,أخرى,العام الدراسي 23 - 24,32٬338٬785٫00,SYP
35,القلمون,جامعة القلمون الخاصة,إيرادات,أخرى,العام الدراسي 24 - 25,193٬355٬142٫00,SYP
36,القلمون,جامعة القلمون الخاصة,إيرادات,أخرى,العام الدراسي 25 - 26,67٬627٬022٫00,SYP
37,القلمون,جامعة القلمون الخاصة,إيرادات,الأقساط,العام الدراسي 23 - 24,2٬567٬606٫00,USD
38,القلمون,جامعة القلمون الخاصة,إيرادات,الأقساط,العام الدراسي 24 - 25,3٬464٬387٫00,USD
39,القلمون,جامعة القلمون الخاصة,إيرادات,الأقساط,العام الدراسي 25 - 26,4٬567٬740٫00,USD
40,القلمون,جامعة القلمون الخاصة,إيرادات,الكافيهات والأكشاك,العام الدراسي 23 - 24,0٫00,USD
41,القلمون,جامعة القلمون الخاصة,إيرادات,الكافيهات والأكشاك,العام الدراسي 24 - 25,0٫00,USD
42,القلمون,جامعة القلمون الخاصة,إيرادات,الكافيهات والأكشاك,العام الدراسي 25 - 26,0٫00,USD
43,القلمون,جامعة القلمون الخاصة,إيرادات,النقل,العام الدراسي 23 - 24,0٫00,USD
44,القلمون,جامعة القلمون الخاصة,إيرادات,النقل,العام الدراسي 24 - 25,0٫00,USD
45,القلمون,جامعة القلمون الخاصة,إيرادات,النقل,العام الدراسي 25 - 26,0٫00,USD
46,القلمون,جامعة القلمون الخاصة,إيرادات,أخرى,العام الدراسي 23 - 24,0٫00,USD
47,القلمون,جامعة القلمون الخاصة,إيرادات,أخرى,العام الدراسي 24 - 25,0٫00,USD
48,القلمون,جامعة القلمون الخاصة,إيرادات,أخرى,العام الدراسي 25 - 26,108٬266٫00,USD
49,الشمال,جامعة الشمال الخاصة,مصروفات,مصروفات رأسمالية,العام الدراسي 23 - 24,غير معبأة,SYP
50,الشمال,جامعة الشمال الخاصة,مصروفات,مصروفات رأسمالية,العام الدراسي 24 - 25,غير معبأة,SYP
51,الشمال,جامعة الشمال الخاصة,مصروفات,مصروفات رأسمالية,العام الدراسي 25 - 26,غير معبأة,SYP
52,الشمال,جامعة الشمال الخاصة,مصروفات,رواتب وأجور,العام الدراسي 23 - 24,غير معبأة,SYP
53,الشمال,جامعة الشمال الخاصة,مصروفات,رواتب وأجور,العام الدراسي 24 - 25,غير معبأة,SYP
54,الشمال,جامعة الشمال الخاصة,مصروفات,رواتب وأجور,العام الدراسي 25 - 26,غير معبأة,SYP
55,الشمال,جامعة الشمال الخاصة,مصروفات,مصروفات تشغيلية,العام الدراسي 23 - 24,غير معبأة,SYP
56,الشمال,جامعة الشمال الخاصة,مصروفات,مصروفات تشغيلية,العام الدراسي 24 - 25,غير معبأة,SYP
57,الشمال,جامعة الشمال الخاصة,مصروفات,مصروفات تشغيلية,العام الدراسي 25 - 26,غير معبأة,SYP
58,الشمال,جامعة الشمال الخاصة,مصروفات,ضرائب,العام الدراسي 23 - 24,غير معبأة,SYP
59,الشمال,جامعة الشمال الخاصة,مصروفات,ضرائب,العام الدراسي 24 - 25,غير معبأة,SYP
60,الشمال,جامعة الشمال الخاصة,مصروفات,ضرائب,العام الدراسي 25 - 26,غير معبأة,SYP
61,الشمال,جامعة الشمال الخاصة,مصروفات,مصروفات رأسمالية,العام الدراسي 23 - 24,"42,287.39",USD
62,الشمال,جامعة الشمال الخاصة,مصروفات,مصروفات رأسمالية,العام الدراسي 24 - 25,غير معبأة,USD
63,الشمال,جامعة الشمال الخاصة,مصروفات,مصروفات رأسمالية,العام الدراسي 25 - 26,غير معبأة,USD
64,الشمال,جامعة الشمال الخاصة,مصروفات,رواتب وأجور,العام الدراسي 23 - 24,564٫00,USD
65,الشمال,جامعة الشمال الخاصة,مصروفات,رواتب وأجور,العام الدراسي 24 - 25,غير معبأة,USD
66,الشمال,جامعة الشمال الخاصة,مصروفات,رواتب وأجور,العام الدراسي 25 - 26,غير معبأة,USD
67,الشمال,جامعة الشمال الخاصة,مصروفات,مصروفات تشغيلية,العام الدراسي 23 - 24,"100,216.93",USD
68,الشمال,جامعة الشمال الخاصة,مصروفات,مصروفات تشغيلية,العام الدراسي 24 - 25,غير معبأة,USD
69,الشمال,جامعة الشمال الخاصة,مصروفات,مصروفات تشغيلية,العام الدراسي 25 - 26,غير معبأة,USD
70,الشمال,جامعة الشمال الخاصة,مصروفات,ضرائب,العام الدراسي 23 - 24,"244,089",USD
71,الشمال,جامعة الشمال الخاصة,مصروفات,ضرائب,العام الدراسي 24 - 25,غير معبأة,USD
72,الشمال,جامعة الشمال الخاصة,مصروفات,ضرائب,العام الدراسي 25 - 26,غير معبأة,USD
73,الشمال,جامعة الشمال الخاصة,إيرادات,الأقساط,العام الدراسي 23 - 24,غير معبأة,SYP
74,الشمال,جامعة الشمال الخاصة,إيرادات,الأقساط,العام الدراسي 24 - 25,غير معبأة,SYP
75,الشمال,جامعة الشمال الخاصة,إيرادات,الأقساط,العام الدراسي 25 - 26,غير معبأة,SYP
76,الشمال,جامعة الشمال الخاصة,إيرادات,الكافيهات والأكشاك,العام الدراسي 23 - 24,9٬295٫00,SYP
77,الشمال,جامعة الشمال الخاصة,إيرادات,الكافيهات والأكشاك,العام الدراسي 24 - 25,غير معبأة,SYP
78,الشمال,جامعة الشمال الخاصة,إيرادات,الكافيهات والأكشاك,العام الدراسي 25 - 26,غير معبأة,SYP
79,الشمال,جامعة الشمال الخاصة,إيرادات,النقل,العام الدراسي 23 - 24,غير معبأة,SYP
80,الشمال,جامعة الشمال الخاصة,إيرادات,النقل,العام الدراسي 24 - 25,غير معبأة,SYP
81,الشمال,جامعة الشمال الخاصة,إيرادات,النقل,العام الدراسي 25 - 26,غير معبأة,SYP
82,الشمال,جامعة الشمال الخاصة,إيرادات,أخرى,العام الدراسي 23 - 24,غير معبأة,SYP
83,الشمال,جامعة الشمال الخاصة,إيرادات,أخرى,العام الدراسي 24 - 25,غير معبأة,SYP
84,الشمال,جامعة الشمال الخاصة,إيرادات,أخرى,العام الدراسي 25 - 26,غير معبأة,SYP
85,الشمال,جامعة الشمال الخاصة,إيرادات,الأقساط,العام الدراسي 23 - 24,غير معبأة,USD
86,الشمال,جامعة الشمال الخاصة,إيرادات,الأقساط,العام الدراسي 24 - 25,غير معبأة,USD
87,الشمال,جامعة الشمال الخاصة,إيرادات,الأقساط,العام الدراسي 25 - 26,غير معبأة,USD
88,الشمال,جامعة الشمال الخاصة,إيرادات,الكافيهات والأكشاك,العام الدراسي 23 - 24,غير معبأة,USD
89,الشمال,جامعة الشمال الخاصة,إيرادات,الكافيهات والأكشاك,العام الدراسي 24 - 25,غير معبأة,USD
90,الشمال,جامعة الشمال الخاصة,إيرادات,الكافيهات والأكشاك,العام الدراسي 25 - 26,غير معبأة,USD
91,الشمال,جامعة الشمال الخاصة,إيرادات,النقل,العام الدراسي 23 - 24,غير معبأة,USD
92,الشمال,جامعة الشمال الخاصة,إيرادات,النقل,العام الدراسي 24 - 25,غير معبأة,USD
93,الشمال,جامعة الشمال الخاصة,إيرادات,النقل,العام الدراسي 25 - 26,غير معبأة,USD
94,الشمال,جامعة الشمال الخاصة,إيرادات,أخرى,العام الدراسي 23 - 24,غير معبأة,USD
95,الشمال,جامعة الشمال الخاصة,إيرادات,أخرى,العام الدراسي 24 - 25,غير معبأة,USD
96,الشمال,جامعة الشمال الخاصة,إيرادات,أخرى,العام الدراسي 25 - 26,غير معبأة,USD
97,الدولية,الجامعة الدولية الخاصة للعلوم والتكنولوجيا,مصروفات,مصروفات رأسمالية,العام الدراسي 23 - 24,69٬149٬094٫40,SYP
98,الدولية,الجامعة الدولية الخاصة للعلوم والتكنولوجيا,مصروفات,مصروفات رأسمالية,العام الدراسي 24 - 25,201٬864٬084٫68,SYP
99,الدولية,الجامعة الدولية الخاصة للعلوم والتكنولوجيا,مصروفات,مصروفات رأسمالية,العام الدراسي 25 - 26,176٬721٬442٫54,SYP
100,الدولية,الجامعة الدولية الخاصة للعلوم والتكنولوجيا,مصروفات,رواتب وأجور,العام الدراسي 23 - 24,151٬053٬467٫04,SYP
101,الدولية,الجامعة الدولية الخاصة للعلوم والتكنولوجيا,مصروفات,رواتب وأجور,العام الدراسي 24 - 25,234٬047٬838٫74,SYP
102,الدولية,الجامعة الدولية الخاصة للعلوم والتكنولوجيا,مصروفات,رواتب وأجور,العام الدراسي 25 - 26,211٬731٬456٫02,SYP
103,الدولية,الجامعة الدولية الخاصة للعلوم والتكنولوجيا,مصروفات,مصروفات تشغيلية,العام الدراسي 23 - 24,156٬236٬798٫66,SYP
104,الدولية,الجامعة الدولية الخاصة للعلوم والتكنولوجيا,مصروفات,مصروفات تشغيلية,العام الدراسي 24 - 25,254٬004٬246٫79,SYP
105,الدولية,الجامعة الدولية الخاصة للعلوم والتكنولوجيا,مصروفات,مصروفات تشغيلية,العام الدراسي 25 - 26,138٬948٬995٫78,SYP
106,الدولية,الجامعة الدولية الخاصة للعلوم والتكنولوجيا,مصروفات,ضرائب,العام الدراسي 23 - 24,19٬094٬776٫00,SYP
107,الدولية,الجامعة الدولية الخاصة للعلوم والتكنولوجيا,مصروفات,ضرائب,العام الدراسي 24 - 25,63٬746٬388٫00,SYP
108,الدولية,الجامعة الدولية الخاصة للعلوم والتكنولوجيا,مصروفات,ضرائب,العام الدراسي 25 - 26,3٬252٬627٫00,SYP
109,الدولية,الجامعة الدولية الخاصة للعلوم والتكنولوجيا,مصروفات,مصروفات رأسمالية,العام الدراسي 23 - 24,0٫00,USD
110,الدولية,الجامعة الدولية الخاصة للعلوم والتكنولوجيا,مصروفات,مصروفات رأسمالية,العام الدراسي 24 - 25,0٫00,USD
111,الدولية,الجامعة الدولية الخاصة للعلوم والتكنولوجيا,مصروفات,مصروفات رأسمالية,العام الدراسي 25 - 26,0٫00,USD
112,الدولية,الجامعة الدولية الخاصة للعلوم والتكنولوجيا,مصروفات,رواتب وأجور,العام الدراسي 23 - 24,0٫00,USD
113,الدولية,الجامعة الدولية الخاصة للعلوم والتكنولوجيا,مصروفات,رواتب وأجور,العام الدراسي 24 - 25,0٫00,USD
114,الدولية,الجامعة الدولية الخاصة للعلوم والتكنولوجيا,مصروفات,رواتب وأجور,العام الدراسي 25 - 26,0٫00,USD
115,الدولية,الجامعة الدولية الخاصة للعلوم والتكنولوجيا,مصروفات,مصروفات تشغيلية,العام الدراسي 23 - 24,0٫00,USD
116,الدولية,الجامعة الدولية الخاصة للعلوم والتكنولوجيا,مصروفات,مصروفات تشغيلية,العام الدراسي 24 - 25,0٫00,USD
117,الدولية,الجامعة الدولية الخاصة للعلوم والتكنولوجيا,مصروفات,مصروفات تشغيلية,العام الدراسي 25 - 26,0٫00,USD
118,الدولية,الجامعة الدولية الخاصة للعلوم والتكنولوجيا,مصروفات,ضرائب,العام الدراسي 23 - 24,0٫00,USD
119,الدولية,الجامعة الدولية الخاصة للعلوم والتكنولوجيا,مصروفات,ضرائب,العام الدراسي 24 - 25,0٫00,USD
120,الدولية,الجامعة الدولية الخاصة للعلوم والتكنولوجيا,مصروفات,ضرائب,العام الدراسي 25 - 26,0٫00,USD
121,الدولية,الجامعة الدولية الخاصة للعلوم والتكنولوجيا,إيرادات,الأقساط,العام الدراسي 23 - 24,376٬851٬595٫65,SYP
122,الدولية,الجامعة الدولية الخاصة للعلوم والتكنولوجيا,إيرادات,الأقساط,العام الدراسي 24 - 25,653٬783٬138٫13,SYP
123,الدولية,الجامعة الدولية الخاصة للعلوم والتكنولوجيا,إيرادات,الأقساط,العام الدراسي 25 - 26,غير معبأة,SYP
124,الدولية,الجامعة الدولية الخاصة للعلوم والتكنولوجيا,إيرادات,الكافيهات والأكشاك,العام الدراسي 23 - 24,1٬965٬561٫81,SYP
125,الدولية,الجامعة الدولية الخاصة للعلوم والتكنولوجيا,إيرادات,الكافيهات والأكشاك,العام الدراسي 24 - 25,2٬108٬454٫20,SYP
126,الدولية,الجامعة الدولية الخاصة للعلوم والتكنولوجيا,إيرادات,الكافيهات والأكشاك,العام الدراسي 25 - 26,غير معبأة,SYP
127,الدولية,الجامعة الدولية الخاصة للعلوم والتكنولوجيا,إيرادات,النقل,العام الدراسي 23 - 24,0٫00,SYP
128,الدولية,الجامعة الدولية الخاصة للعلوم والتكنولوجيا,إيرادات,النقل,العام الدراسي 24 - 25,0٫00,SYP
129,الدولية,الجامعة الدولية الخاصة للعلوم والتكنولوجيا,إيرادات,النقل,العام الدراسي 25 - 26,غير معبأة,SYP
130,الدولية,الجامعة الدولية الخاصة للعلوم والتكنولوجيا,إيرادات,أخرى,العام الدراسي 23 - 24,0٫00,SYP
131,الدولية,الجامعة الدولية الخاصة للعلوم والتكنولوجيا,إيرادات,أخرى,العام الدراسي 24 - 25,3٬858٬408٫13,SYP
132,الدولية,الجامعة الدولية الخاصة للعلوم والتكنولوجيا,إيرادات,أخرى,العام الدراسي 25 - 26,غير معبأة,SYP
133,الدولية,الجامعة الدولية الخاصة للعلوم والتكنولوجيا,إيرادات,الأقساط,العام الدراسي 23 - 24,0٫00,USD
134,الدولية,الجامعة الدولية الخاصة للعلوم والتكنولوجيا,إيرادات,الأقساط,العام الدراسي 24 - 25,0٫00,USD
135,الدولية,الجامعة الدولية الخاصة للعلوم والتكنولوجيا,إيرادات,الأقساط,العام الدراسي 25 - 26,0٫00,USD
136,الدولية,الجامعة الدولية الخاصة للعلوم والتكنولوجيا,إيرادات,الكافيهات والأكشاك,العام الدراسي 23 - 24,0٫00,USD
137,الدولية,الجامعة الدولية الخاصة للعلوم والتكنولوجيا,إيرادات,الكافيهات والأكشاك,العام الدراسي 24 - 25,0٫00,USD
138,الدولية,الجامعة الدولية الخاصة للعلوم والتكنولوجيا,إيرادات,الكافيهات والأكشاك,العام الدراسي 25 - 26,0٫00,USD
139,الدولية,الجامعة الدولية الخاصة للعلوم والتكنولوجيا,إيرادات,النقل,العام الدراسي 23 - 24,0٫00,USD
140,الدولية,الجامعة الدولية الخاصة للعلوم والتكنولوجيا,إيرادات,النقل,العام الدراسي 24 - 25,0٫00,USD
141,الدولية,الجامعة الدولية الخاصة للعلوم والتكنولوجيا,إيرادات,النقل,العام الدراسي 25 - 26,0٫00,USD
142,الدولية,الجامعة الدولية الخاصة للعلوم والتكنولوجيا,إيرادات,أخرى,العام الدراسي 23 - 24,0٫00,USD
143,الدولية,الجامعة الدولية الخاصة للعلوم والتكنولوجيا,إيرادات,أخرى,العام الدراسي 24 - 25,0٫00,USD
144,الدولية,الجامعة الدولية الخاصة للعلوم والتكنولوجيا,إيرادات,أخرى,العام الدراسي 25 - 26,0٫00,USD
145,قاسيون,جامعة قاسيون الخاصة للعلوم والتكنولوجيا,مصروفات,مصروفات رأسمالية,العام الدراسي 23 - 24,غير معبأة,SYP
146,قاسيون,جامعة قاسيون الخاصة للعلوم والتكنولوجيا,مصروفات,مصروفات رأسمالية,العام الدراسي 24 - 25,غير معبأة,SYP
147,قاسيون,جامعة قاسيون الخاصة للعلوم والتكنولوجيا,مصروفات,مصروفات رأسمالية,العام الدراسي 25 - 26,غير معبأة,SYP
148,قاسيون,جامعة قاسيون الخاصة للعلوم والتكنولوجيا,مصروفات,رواتب وأجور,العام الدراسي 23 - 24,غير معبأة,SYP
149,قاسيون,جامعة قاسيون الخاصة للعلوم والتكنولوجيا,مصروفات,رواتب وأجور,العام الدراسي 24 - 25,غير معبأة,SYP
150,قاسيون,جامعة قاسيون الخاصة للعلوم والتكنولوجيا,مصروفات,رواتب وأجور,العام الدراسي 25 - 26,غير معبأة,SYP
151,قاسيون,جامعة قاسيون الخاصة للعلوم والتكنولوجيا,مصروفات,مصروفات تشغيلية,العام الدراسي 23 - 24,غير معبأة,SYP
152,قاسيون,جامعة قاسيون الخاصة للعلوم والتكنولوجيا,مصروفات,مصروفات تشغيلية,العام الدراسي 24 - 25,غير معبأة,SYP
153,قاسيون,جامعة قاسيون الخاصة للعلوم والتكنولوجيا,مصروفات,مصروفات تشغيلية,العام الدراسي 25 - 26,غير معبأة,SYP
154,قاسيون,جامعة قاسيون الخاصة للعلوم والتكنولوجيا,مصروفات,ضرائب,العام الدراسي 23 - 24,غير معبأة,SYP
155,قاسيون,جامعة قاسيون الخاصة للعلوم والتكنولوجيا,مصروفات,ضرائب,العام الدراسي 24 - 25,غير معبأة,SYP
156,قاسيون,جامعة قاسيون الخاصة للعلوم والتكنولوجيا,مصروفات,ضرائب,العام الدراسي 25 - 26,غير معبأة,SYP
157,قاسيون,جامعة قاسيون الخاصة للعلوم والتكنولوجيا,مصروفات,مصروفات رأسمالية,العام الدراسي 23 - 24,غير معبأة,USD
158,قاسيون,جامعة قاسيون الخاصة للعلوم والتكنولوجيا,مصروفات,مصروفات رأسمالية,العام الدراسي 24 - 25,غير معبأة,USD
159,قاسيون,جامعة قاسيون الخاصة للعلوم والتكنولوجيا,مصروفات,مصروفات رأسمالية,العام الدراسي 25 - 26,غير معبأة,USD
160,قاسيون,جامعة قاسيون الخاصة للعلوم والتكنولوجيا,مصروفات,رواتب وأجور,العام الدراسي 23 - 24,غير معبأة,USD
161,قاسيون,جامعة قاسيون الخاصة للعلوم والتكنولوجيا,مصروفات,رواتب وأجور,العام الدراسي 24 - 25,غير معبأة,USD
162,قاسيون,جامعة قاسيون الخاصة للعلوم والتكنولوجيا,مصروفات,رواتب وأجور,العام الدراسي 25 - 26,غير معبأة,USD
163,قاسيون,جامعة قاسيون الخاصة للعلوم والتكنولوجيا,مصروفات,مصروفات تشغيلية,العام الدراسي 23 - 24,غير معبأة,USD
164,قاسيون,جامعة قاسيون الخاصة للعلوم والتكنولوجيا,مصروفات,مصروفات تشغيلية,العام الدراسي 24 - 25,غير معبأة,USD
165,قاسيون,جامعة قاسيون الخاصة للعلوم والتكنولوجيا,مصروفات,مصروفات تشغيلية,العام الدراسي 25 - 26,غير معبأة,USD
166,قاسيون,جامعة قاسيون الخاصة للعلوم والتكنولوجيا,مصروفات,ضرائب,العام الدراسي 23 - 24,غير معبأة,USD
167,قاسيون,جامعة قاسيون الخاصة للعلوم والتكنولوجيا,مصروفات,ضرائب,العام الدراسي 24 - 25,غير معبأة,USD
168,قاسيون,جامعة قاسيون الخاصة للعلوم والتكنولوجيا,مصروفات,ضرائب,العام الدراسي 25 - 26,غير معبأة,USD
169,قاسيون,جامعة قاسيون الخاصة للعلوم والتكنولوجيا,إيرادات,الأقساط,العام الدراسي 23 - 24,غير معبأة,SYP
170,قاسيون,جامعة قاسيون الخاصة للعلوم والتكنولوجيا,إيرادات,الأقساط,العام الدراسي 24 - 25,غير معبأة,SYP
171,قاسيون,جامعة قاسيون الخاصة للعلوم والتكنولوجيا,إيرادات,الأقساط,العام الدراسي 25 - 26,غير معبأة,SYP
172,قاسيون,جامعة قاسيون الخاصة للعلوم والتكنولوجيا,إيرادات,الكافيهات والأكشاك,العام الدراسي 23 - 24,غير معبأة,SYP
173,قاسيون,جامعة قاسيون الخاصة للعلوم والتكنولوجيا,إيرادات,الكافيهات والأكشاك,العام الدراسي 24 - 25,غير معبأة,SYP
174,قاسيون,جامعة قاسيون الخاصة للعلوم والتكنولوجيا,إيرادات,الكافيهات والأكشاك,العام الدراسي 25 - 26,غير معبأة,SYP
175,قاسيون,جامعة قاسيون الخاصة للعلوم والتكنولوجيا,إيرادات,النقل,العام الدراسي 23 - 24,غير معبأة,SYP
176,قاسيون,جامعة قاسيون الخاصة للعلوم والتكنولوجيا,إيرادات,النقل,العام الدراسي 24 - 25,غير معبأة,SYP
177,قاسيون,جامعة قاسيون الخاصة للعلوم والتكنولوجيا,إيرادات,النقل,العام الدراسي 25 - 26,غير معبأة,SYP
178,قاسيون,جامعة قاسيون الخاصة للعلوم والتكنولوجيا,إيرادات,أخرى,العام الدراسي 23 - 24,غير معبأة,SYP
179,قاسيون,جامعة قاسيون الخاصة للعلوم والتكنولوجيا,إيرادات,أخرى,العام الدراسي 24 - 25,غير معبأة,SYP
180,قاسيون,جامعة قاسيون الخاصة للعلوم والتكنولوجيا,إيرادات,أخرى,العام الدراسي 25 - 26,غير معبأة,SYP
181,قاسيون,جامعة قاسيون الخاصة للعلوم والتكنولوجيا,إيرادات,الأقساط,العام الدراسي 23 - 24,غير معبأة,USD
182,قاسيون,جامعة قاسيون الخاصة للعلوم والتكنولوجيا,إيرادات,الأقساط,العام الدراسي 24 - 25,غير معبأة,USD
183,قاسيون,جامعة قاسيون الخاصة للعلوم والتكنولوجيا,إيرادات,الأقساط,العام الدراسي 25 - 26,غير معبأة,USD
184,قاسيون,جامعة قاسيون الخاصة للعلوم والتكنولوجيا,إيرادات,الكافيهات والأكشاك,العام الدراسي 23 - 24,غير معبأة,USD
185,قاسيون,جامعة قاسيون الخاصة للعلوم والتكنولوجيا,إيرادات,الكافيهات والأكشاك,العام الدراسي 24 - 25,غير معبأة,USD
186,قاسيون,جامعة قاسيون الخاصة للعلوم والتكنولوجيا,إيرادات,الكافيهات والأكشاك,العام الدراسي 25 - 26,غير معبأة,USD
187,قاسيون,جامعة قاسيون الخاصة للعلوم والتكنولوجيا,إيرادات,النقل,العام الدراسي 23 - 24,غير معبأة,USD
188,قاسيون,جامعة قاسيون الخاصة للعلوم والتكنولوجيا,إيرادات,النقل,العام الدراسي 24 - 25,غير معبأة,USD
189,قاسيون,جامعة قاسيون الخاصة للعلوم والتكنولوجيا,إيرادات,النقل,العام الدراسي 25 - 26,غير معبأة,USD
190,قاسيون,جامعة قاسيون الخاصة للعلوم والتكنولوجيا,إيرادات,أخرى,العام الدراسي 23 - 24,غير معبأة,USD
191,قاسيون,جامعة قاسيون الخاصة للعلوم والتكنولوجيا,إيرادات,أخرى,العام الدراسي 24 - 25,غير معبأة,USD
192,قاسيون,جامعة قاسيون الخاصة للعلوم والتكنولوجيا,إيرادات,أخرى,العام الدراسي 25 - 26,غير معبأة,USD
193,المنارة,جامعة المنارة,مصروفات,مصروفات رأسمالية,العام الدراسي 23 - 24,529٬387٬200٫00,SYP
194,المنارة,جامعة المنارة,مصروفات,مصروفات رأسمالية,العام الدراسي 24 - 25,438٬314٬800٫00,SYP
195,المنارة,جامعة المنارة,مصروفات,مصروفات رأسمالية,العام الدراسي 25 - 26,419٬472٬180٫00,SYP
196,المنارة,جامعة المنارة,مصروفات,رواتب وأجور,العام الدراسي 23 - 24,10٬396٬016٬252٫00,SYP
197,المنارة,جامعة المنارة,مصروفات,رواتب وأجور,العام الدراسي 24 - 25,18٬476٬307٬164٫00,SYP
198,المنارة,جامعة المنارة,مصروفات,رواتب وأجور,العام الدراسي 25 - 26,21٬239٬296٬028٫00,SYP
199,المنارة,جامعة المنارة,مصروفات,مصروفات تشغيلية,العام الدراسي 23 - 24,17٬170٬907٬005٫00,SYP
200,المنارة,جامعة المنارة,مصروفات,مصروفات تشغيلية,العام الدراسي 24 - 25,27٬254٬445٬672٫00,SYP
201,المنارة,جامعة المنارة,مصروفات,مصروفات تشغيلية,العام الدراسي 25 - 26,25٬415٬469٬826٫00,SYP
202,المنارة,جامعة المنارة,مصروفات,ضرائب,العام الدراسي 23 - 24,متضمنة ضمن تكلفة الرواتب والأجور,SYP
203,المنارة,جامعة المنارة,مصروفات,ضرائب,العام الدراسي 24 - 25,متضمنة ضمن تكلفة الرواتب والأجور,SYP
204,المنارة,جامعة المنارة,مصروفات,ضرائب,العام الدراسي 25 - 26,متضمنة ضمن تكلفة الرواتب والأجور,SYP
205,المنارة,جامعة المنارة,مصروفات,مصروفات رأسمالية,العام الدراسي 23 - 24,غير معبأة,USD
206,المنارة,جامعة المنارة,مصروفات,مصروفات رأسمالية,العام الدراسي 24 - 25,غير معبأة,USD
207,المنارة,جامعة المنارة,مصروفات,مصروفات رأسمالية,العام الدراسي 25 - 26,غير معبأة,USD
208,المنارة,جامعة المنارة,مصروفات,رواتب وأجور,العام الدراسي 23 - 24,غير معبأة,USD
209,المنارة,جامعة المنارة,مصروفات,رواتب وأجور,العام الدراسي 24 - 25,غير معبأة,USD
210,المنارة,جامعة المنارة,مصروفات,رواتب وأجور,العام الدراسي 25 - 26,غير معبأة,USD
211,المنارة,جامعة المنارة,مصروفات,مصروفات تشغيلية,العام الدراسي 23 - 24,غير معبأة,USD
212,المنارة,جامعة المنارة,مصروفات,مصروفات تشغيلية,العام الدراسي 24 - 25,غير معبأة,USD
213,المنارة,جامعة المنارة,مصروفات,مصروفات تشغيلية,العام الدراسي 25 - 26,غير معبأة,USD
214,المنارة,جامعة المنارة,مصروفات,ضرائب,العام الدراسي 23 - 24,غير معبأة,USD
215,المنارة,جامعة المنارة,مصروفات,ضرائب,العام الدراسي 24 - 25,غير معبأة,USD
216,المنارة,جامعة المنارة,مصروفات,ضرائب,العام الدراسي 25 - 26,غير معبأة,USD
217,المنارة,جامعة المنارة,إيرادات,الأقساط,العام الدراسي 23 - 24,22٬064٬922٬665٫00,SYP
218,المنارة,جامعة المنارة,إيرادات,الأقساط,العام الدراسي 24 - 25,33٬389٬811٬677٫00,SYP
219,المنارة,جامعة المنارة,إيرادات,الأقساط,العام الدراسي 25 - 26,39٬084٬047٬206٫00,SYP
220,المنارة,جامعة المنارة,إيرادات,الكافيهات والأكشاك,العام الدراسي 23 - 24,483٬812٬917٫00,SYP
221,المنارة,جامعة المنارة,إيرادات,الكافيهات والأكشاك,العام الدراسي 24 - 25,517٬078٬751٫00,SYP
222,المنارة,جامعة المنارة,إيرادات,الكافيهات والأكشاك,العام الدراسي 25 - 26,634٬068٬500٫00,SYP
223,المنارة,جامعة المنارة,إيرادات,النقل,العام الدراسي 23 - 24,غير معبأة,SYP
224,المنارة,جامعة المنارة,إيرادات,النقل,العام الدراسي 24 - 25,غير معبأة,SYP
225,المنارة,جامعة المنارة,إيرادات,النقل,العام الدراسي 25 - 26,غير معبأة,SYP
226,المنارة,جامعة المنارة,إيرادات,أخرى,العام الدراسي 23 - 24,389٬375٬572٫00,SYP
227,المنارة,جامعة المنارة,إيرادات,أخرى,العام الدراسي 24 - 25,238٬328٬957٫00,SYP
228,المنارة,جامعة المنارة,إيرادات,أخرى,العام الدراسي 25 - 26,221٬939٬506٫00,SYP
229,المنارة,جامعة المنارة,إيرادات,الأقساط,العام الدراسي 23 - 24,غير معبأة,USD
230,المنارة,جامعة المنارة,إيرادات,الأقساط,العام الدراسي 24 - 25,غير معبأة,USD
231,المنارة,جامعة المنارة,إيرادات,الأقساط,العام الدراسي 25 - 26,غير معبأة,USD
232,المنارة,جامعة المنارة,إيرادات,الكافيهات والأكشاك,العام الدراسي 23 - 24,غير معبأة,USD
233,المنارة,جامعة المنارة,إيرادات,الكافيهات والأكشاك,العام الدراسي 24 - 25,غير معبأة,USD
234,المنارة,جامعة المنارة,إيرادات,الكافيهات والأكشاك,العام الدراسي 25 - 26,غير معبأة,USD
235,المنارة,جامعة المنارة,إيرادات,النقل,العام الدراسي 23 - 24,غير معبأة,USD
236,المنارة,جامعة المنارة,إيرادات,النقل,العام الدراسي 24 - 25,غير معبأة,USD
237,المنارة,جامعة المنارة,إيرادات,النقل,العام الدراسي 25 - 26,غير معبأة,USD
238,المنارة,جامعة المنارة,إيرادات,أخرى,العام الدراسي 23 - 24,غير معبأة,USD
239,المنارة,جامعة المنارة,إيرادات,أخرى,العام الدراسي 24 - 25,غير معبأة,USD
240,المنارة,جامعة المنارة,إيرادات,أخرى,العام الدراسي 25 - 26,غير معبأة,USD
241,السورية,الجامعة السورية الخاصة,مصروفات,مصروفات رأسمالية,العام الدراسي 23 - 24,0٫00,SYP
242,السورية,الجامعة السورية الخاصة,مصروفات,مصروفات رأسمالية,العام الدراسي 24 - 25,0٫00,SYP
243,السورية,الجامعة السورية الخاصة,مصروفات,مصروفات رأسمالية,العام الدراسي 25 - 26,0٫00,SYP
244,السورية,الجامعة السورية الخاصة,مصروفات,رواتب وأجور,العام الدراسي 23 - 24,26٬946٬604٬490٫00,SYP
245,السورية,الجامعة السورية الخاصة,مصروفات,رواتب وأجور,العام الدراسي 24 - 25,36٬973٬255٬426٫28,SYP
246,السورية,الجامعة السورية الخاصة,مصروفات,رواتب وأجور,العام الدراسي 25 - 26,43٬455٬101٬277٫00,SYP
247,السورية,الجامعة السورية الخاصة,مصروفات,مصروفات تشغيلية,العام الدراسي 23 - 24,22٬165٬607٬060٫33,SYP
248,السورية,الجامعة السورية الخاصة,مصروفات,مصروفات تشغيلية,العام الدراسي 24 - 25,24٬786٬958٬272٫59,SYP
249,السورية,الجامعة السورية الخاصة,مصروفات,مصروفات تشغيلية,العام الدراسي 25 - 26,18٬305٬112٬421٫87,SYP
250,السورية,الجامعة السورية الخاصة,مصروفات,ضرائب,العام الدراسي 23 - 24,9٬934٬241٬100٫00,SYP
251,السورية,الجامعة السورية الخاصة,مصروفات,ضرائب,العام الدراسي 24 - 25,10٬957٬009٬642٫25,SYP
252,السورية,الجامعة السورية الخاصة,مصروفات,ضرائب,العام الدراسي 25 - 26,14٬976٬370٬000٫00,SYP
253,السورية,الجامعة السورية الخاصة,مصروفات,مصروفات رأسمالية,العام الدراسي 23 - 24,0٫00,USD
254,السورية,الجامعة السورية الخاصة,مصروفات,مصروفات رأسمالية,العام الدراسي 24 - 25,0٫00,USD
255,السورية,الجامعة السورية الخاصة,مصروفات,مصروفات رأسمالية,العام الدراسي 25 - 26,0٫00,USD
256,السورية,الجامعة السورية الخاصة,مصروفات,رواتب وأجور,العام الدراسي 23 - 24,0٫00,USD
257,السورية,الجامعة السورية الخاصة,مصروفات,رواتب وأجور,العام الدراسي 24 - 25,0٫00,USD
258,السورية,الجامعة السورية الخاصة,مصروفات,رواتب وأجور,العام الدراسي 25 - 26,0٫00,USD
259,السورية,الجامعة السورية الخاصة,مصروفات,مصروفات تشغيلية,العام الدراسي 23 - 24,0٫00,USD
260,السورية,الجامعة السورية الخاصة,مصروفات,مصروفات تشغيلية,العام الدراسي 24 - 25,0٫00,USD
261,السورية,الجامعة السورية الخاصة,مصروفات,مصروفات تشغيلية,العام الدراسي 25 - 26,0٫00,USD
262,السورية,الجامعة السورية الخاصة,مصروفات,ضرائب,العام الدراسي 23 - 24,0٫00,USD
263,السورية,الجامعة السورية الخاصة,مصروفات,ضرائب,العام الدراسي 24 - 25,0٫00,USD
264,السورية,الجامعة السورية الخاصة,مصروفات,ضرائب,العام الدراسي 25 - 26,0٫00,USD
265,السورية,الجامعة السورية الخاصة,إيرادات,الأقساط,العام الدراسي 23 - 24,82٬027٬835٬076٫00,SYP
266,السورية,الجامعة السورية الخاصة,إيرادات,الأقساط,العام الدراسي 24 - 25,103٬616٬883٬110٫00,SYP
267,السورية,الجامعة السورية الخاصة,إيرادات,الأقساط,العام الدراسي 25 - 26,117٬453٬007٬300٫00,SYP
268,السورية,الجامعة السورية الخاصة,إيرادات,الكافيهات والأكشاك,العام الدراسي 23 - 24,0٫00,SYP
269,السورية,الجامعة السورية الخاصة,إيرادات,الكافيهات والأكشاك,العام الدراسي 24 - 25,0٫00,SYP
270,السورية,الجامعة السورية الخاصة,إيرادات,الكافيهات والأكشاك,العام الدراسي 25 - 26,0٫00,SYP
271,السورية,الجامعة السورية الخاصة,إيرادات,النقل,العام الدراسي 23 - 24,0٫00,SYP
272,السورية,الجامعة السورية الخاصة,إيرادات,النقل,العام الدراسي 24 - 25,0٫00,SYP
273,السورية,الجامعة السورية الخاصة,إيرادات,النقل,العام الدراسي 25 - 26,0٫00,SYP
274,السورية,الجامعة السورية الخاصة,إيرادات,أخرى,العام الدراسي 23 - 24,3٬272٬717٬526٫14,SYP
275,السورية,الجامعة السورية الخاصة,إيرادات,أخرى,العام الدراسي 24 - 25,4٬708٬136٬889٫83,SYP
276,السورية,الجامعة السورية الخاصة,إيرادات,أخرى,العام الدراسي 25 - 26,5٬971٬305٬987٫00,SYP
277,السورية,الجامعة السورية الخاصة,إيرادات,الأقساط,العام الدراسي 23 - 24,0٫00,USD
278,السورية,الجامعة السورية الخاصة,إيرادات,الأقساط,العام الدراسي 24 - 25,0٫00,USD
279,السورية,الجامعة السورية الخاصة,إيرادات,الأقساط,العام الدراسي 25 - 26,0٫00,USD
280,السورية,الجامعة السورية الخاصة,إيرادات,الكافيهات والأكشاك,العام الدراسي 23 - 24,0٫00,USD
281,السورية,الجامعة السورية الخاصة,إيرادات,الكافيهات والأكشاك,العام الدراسي 24 - 25,0٫00,USD
282,السورية,الجامعة السورية الخاصة,إيرادات,الكافيهات والأكشاك,العام الدراسي 25 - 26,0٫00,USD
283,السورية,الجامعة السورية الخاصة,إيرادات,النقل,العام الدراسي 23 - 24,0٫00,USD
284,السورية,الجامعة السورية الخاصة,إيرادات,النقل,العام الدراسي 24 - 25,0٫00,USD
285,السورية,الجامعة السورية الخاصة,إيرادات,النقل,العام الدراسي 25 - 26,0٫00,USD
286,السورية,الجامعة السورية الخاصة,إيرادات,أخرى,العام الدراسي 23 - 24,0٫00,USD
287,السورية,الجامعة السورية الخاصة,إيرادات,أخرى,العام الدراسي 24 - 25,0٫00,USD
288,السورية,الجامعة السورية الخاصة,إيرادات,أخرى,العام الدراسي 25 - 26,0٫00,USD
289,الرشيد,جامعة الرشيد الدولية الخاصة للعلوم والتكنولوجيا,مصروفات,مصروفات رأسمالية,العام الدراسي 23 - 24,0٫00,SYP
290,الرشيد,جامعة الرشيد الدولية الخاصة للعلوم والتكنولوجيا,مصروفات,مصروفات رأسمالية,العام الدراسي 24 - 25,40٬981٬618٫00,SYP
291,الرشيد,جامعة الرشيد الدولية الخاصة للعلوم والتكنولوجيا,مصروفات,مصروفات رأسمالية,العام الدراسي 25 - 26,0٫00,SYP
292,الرشيد,جامعة الرشيد الدولية الخاصة للعلوم والتكنولوجيا,مصروفات,رواتب وأجور,العام الدراسي 23 - 24,69٬032٬872٫17,SYP
293,الرشيد,جامعة الرشيد الدولية الخاصة للعلوم والتكنولوجيا,مصروفات,رواتب وأجور,العام الدراسي 24 - 25,217٬767٬115٫50,SYP
294,الرشيد,جامعة الرشيد الدولية الخاصة للعلوم والتكنولوجيا,مصروفات,رواتب وأجور,العام الدراسي 25 - 26,161٬373٬320٫10,SYP
295,الرشيد,جامعة الرشيد الدولية الخاصة للعلوم والتكنولوجيا,مصروفات,مصروفات تشغيلية,العام الدراسي 23 - 24,217٬417٬429٫20,SYP
296,الرشيد,جامعة الرشيد الدولية الخاصة للعلوم والتكنولوجيا,مصروفات,مصروفات تشغيلية,العام الدراسي 24 - 25,202٬151٬475٫30,SYP
297,الرشيد,جامعة الرشيد الدولية الخاصة للعلوم والتكنولوجيا,مصروفات,مصروفات تشغيلية,العام الدراسي 25 - 26,55٬448٬441٫14,SYP
298,الرشيد,جامعة الرشيد الدولية الخاصة للعلوم والتكنولوجيا,مصروفات,ضرائب,العام الدراسي 23 - 24,0٫00,SYP
299,الرشيد,جامعة الرشيد الدولية الخاصة للعلوم والتكنولوجيا,مصروفات,ضرائب,العام الدراسي 24 - 25,0٫00,SYP
300,الرشيد,جامعة الرشيد الدولية الخاصة للعلوم والتكنولوجيا,مصروفات,ضرائب,العام الدراسي 25 - 26,3٬500٬000٫00,SYP
301,الرشيد,جامعة الرشيد الدولية الخاصة للعلوم والتكنولوجيا,مصروفات,مصروفات رأسمالية,العام الدراسي 23 - 24,0٫00,USD
302,الرشيد,جامعة الرشيد الدولية الخاصة للعلوم والتكنولوجيا,مصروفات,مصروفات رأسمالية,العام الدراسي 24 - 25,0٫00,USD
303,الرشيد,جامعة الرشيد الدولية الخاصة للعلوم والتكنولوجيا,مصروفات,مصروفات رأسمالية,العام الدراسي 25 - 26,0٫00,USD
304,الرشيد,جامعة الرشيد الدولية الخاصة للعلوم والتكنولوجيا,مصروفات,رواتب وأجور,العام الدراسي 23 - 24,0٫00,USD
305,الرشيد,جامعة الرشيد الدولية الخاصة للعلوم والتكنولوجيا,مصروفات,رواتب وأجور,العام الدراسي 24 - 25,0٫00,USD
306,الرشيد,جامعة الرشيد الدولية الخاصة للعلوم والتكنولوجيا,مصروفات,رواتب وأجور,العام الدراسي 25 - 26,0٫00,USD
307,الرشيد,جامعة الرشيد الدولية الخاصة للعلوم والتكنولوجيا,مصروفات,مصروفات تشغيلية,العام الدراسي 23 - 24,0٫00,USD
308,الرشيد,جامعة الرشيد الدولية الخاصة للعلوم والتكنولوجيا,مصروفات,مصروفات تشغيلية,العام الدراسي 24 - 25,0٫00,USD
309,الرشيد,جامعة الرشيد الدولية الخاصة للعلوم والتكنولوجيا,مصروفات,مصروفات تشغيلية,العام الدراسي 25 - 26,0٫00,USD
310,الرشيد,جامعة الرشيد الدولية الخاصة للعلوم والتكنولوجيا,مصروفات,ضرائب,العام الدراسي 23 - 24,0٫00,USD
311,الرشيد,جامعة الرشيد الدولية الخاصة للعلوم والتكنولوجيا,مصروفات,ضرائب,العام الدراسي 24 - 25,0٫00,USD
312,الرشيد,جامعة الرشيد الدولية الخاصة للعلوم والتكنولوجيا,مصروفات,ضرائب,العام الدراسي 25 - 26,0٫00,USD
313,الرشيد,جامعة الرشيد الدولية الخاصة للعلوم والتكنولوجيا,إيرادات,الأقساط,العام الدراسي 23 - 24,410٬267٬025٫40,SYP
314,الرشيد,جامعة الرشيد الدولية الخاصة للعلوم والتكنولوجيا,إيرادات,الأقساط,العام الدراسي 24 - 25,767٬110٬918٫00,SYP
315,الرشيد,جامعة الرشيد الدولية الخاصة للعلوم والتكنولوجيا,إيرادات,الأقساط,العام الدراسي 25 - 26,418٬181٬855٫50,SYP
316,الرشيد,جامعة الرشيد الدولية الخاصة للعلوم والتكنولوجيا,إيرادات,الكافيهات والأكشاك,العام الدراسي 23 - 24,0٫00,SYP
317,الرشيد,جامعة الرشيد الدولية الخاصة للعلوم والتكنولوجيا,إيرادات,الكافيهات والأكشاك,العام الدراسي 24 - 25,360٬000٫00,SYP
318,الرشيد,جامعة الرشيد الدولية الخاصة للعلوم والتكنولوجيا,إيرادات,الكافيهات والأكشاك,العام الدراسي 25 - 26,0٫00,SYP
319,الرشيد,جامعة الرشيد الدولية الخاصة للعلوم والتكنولوجيا,إيرادات,النقل,العام الدراسي 23 - 24,0٫00,SYP
320,الرشيد,جامعة الرشيد الدولية الخاصة للعلوم والتكنولوجيا,إيرادات,النقل,العام الدراسي 24 - 25,0٫00,SYP
321,الرشيد,جامعة الرشيد الدولية الخاصة للعلوم والتكنولوجيا,إيرادات,النقل,العام الدراسي 25 - 26,0٫00,SYP
322,الرشيد,جامعة الرشيد الدولية الخاصة للعلوم والتكنولوجيا,إيرادات,أخرى,العام الدراسي 23 - 24,13٬474٬190٫70,SYP
323,الرشيد,جامعة الرشيد الدولية الخاصة للعلوم والتكنولوجيا,إيرادات,أخرى,العام الدراسي 24 - 25,0٫00,SYP
324,الرشيد,جامعة الرشيد الدولية الخاصة للعلوم والتكنولوجيا,إيرادات,أخرى,العام الدراسي 25 - 26,294٬110٫00,SYP
325,الرشيد,جامعة الرشيد الدولية الخاصة للعلوم والتكنولوجيا,إيرادات,الأقساط,العام الدراسي 23 - 24,0٫00,USD
326,الرشيد,جامعة الرشيد الدولية الخاصة للعلوم والتكنولوجيا,إيرادات,الأقساط,العام الدراسي 24 - 25,0٫00,USD
327,الرشيد,جامعة الرشيد الدولية الخاصة للعلوم والتكنولوجيا,إيرادات,الأقساط,العام الدراسي 25 - 26,0٫00,USD
328,الرشيد,جامعة الرشيد الدولية الخاصة للعلوم والتكنولوجيا,إيرادات,الكافيهات والأكشاك,العام الدراسي 23 - 24,0٫00,USD
329,الرشيد,جامعة الرشيد الدولية الخاصة للعلوم والتكنولوجيا,إيرادات,الكافيهات والأكشاك,العام الدراسي 24 - 25,0٫00,USD
330,الرشيد,جامعة الرشيد الدولية الخاصة للعلوم والتكنولوجيا,إيرادات,الكافيهات والأكشاك,العام الدراسي 25 - 26,0٫00,USD
331,الرشيد,جامعة الرشيد الدولية الخاصة للعلوم والتكنولوجيا,إيرادات,النقل,العام الدراسي 23 - 24,0٫00,USD
332,الرشيد,جامعة الرشيد الدولية الخاصة للعلوم والتكنولوجيا,إيرادات,النقل,العام الدراسي 24 - 25,0٫00,USD
333,الرشيد,جامعة الرشيد الدولية الخاصة للعلوم والتكنولوجيا,إيرادات,النقل,العام الدراسي 25 - 26,0٫00,USD
334,الرشيد,جامعة الرشيد الدولية الخاصة للعلوم والتكنولوجيا,إيرادات,أخرى,العام الدراسي 23 - 24,0٫00,USD
335,الرشيد,جامعة الرشيد الدولية الخاصة للعلوم والتكنولوجيا,إيرادات,أخرى,العام الدراسي 24 - 25,0٫00,USD
336,الرشيد,جامعة الرشيد الدولية الخاصة للعلوم والتكنولوجيا,إيرادات,أخرى,العام الدراسي 25 - 26,0٫00,USD